final_rank,content_id,final_refresh_score,best_model_probability,confidence,suggested_action,impressions_90d,sessions_90d,avg_position,ctr,content_age_days,word_count,trend_direction
1,content_1f080331fa2b,81.63669708126251,0.7820785264761718,high,refresh_and_review_ctr,12834,66,6.8,0.05,165,1404.0,down
2,content_6aa43079fb0c,81.4476562486564,0.7881052836270515,high,refresh_and_review_ctr,8064,23,3.8,0.07,139,1457.0,down
3,content_d6570c51c9bd,81.43034585094424,0.8473716132212432,medium,refresh_and_review_ctr,2498,9,10.1,0.0,165,1362.0,down
4,content_72e800a9c214,81.03495994045609,0.7743713656571191,high,refresh_and_review_ctr,13790,27,8.2,0.12,139,1371.0,down
5,content_e04eb9549989,80.8731883389024,0.8148048069849403,medium,refresh_and_review_ctr,3393,5,3.6,0.09,131,1408.0,down
6,content_b69288c5e701,80.75476968012651,0.7957127277855011,high,refresh_and_review_ctr,5811,14,6.4,0.07,144,1370.0,down
7,content_9b6df29f7889,80.63292327424043,0.8462453203658947,high,refresh_and_review_ctr,1622,20,3.1,0.12,139,1415.0,down
8,content_bb6ebb5ec8c8,80.37123607538848,0.8346383672715132,high,refresh_and_review_ctr,2621,10,12.8,0.0,144,1381.0,down
9,content_4d76cdb3387b,80.36274771691248,0.8430918690610489,medium,refresh_and_review_ctr,1597,5,2.7,0.13,131,1554.0,down
10,content_b4f35d640b1c,80.32175712439779,0.8438034050728425,medium,refresh,3867,5,27.5,0.05,131,1389.0,down
11,content_ba6f9dfcbca1,80.282275423599,0.8253475241876367,medium,refresh,4366,8,20.1,0.09,124,1362.0,down
12,content_1b51115391a3,80.1341452533438,0.8174698452110679,high,refresh_and_review_ctr,3221,25,9.5,0.0,155,1587.0,down
13,content_e76ac7fed711,80.06275486195891,0.8348412522473962,medium,refresh_and_review_ctr,1877,3,5.8,0.05,139,1420.0,down
14,content_b1d593faf9c6,79.9577429816588,0.8204708799688305,high,refresh_and_review_ctr,2655,92,8.3,0.0,148,1333.0,down
15,content_20ddbdfbbd90,79.8782000750424,0.7938392940976255,high,refresh_and_review_ctr,5541,54,11.2,0.14,148,1365.0,down
16,content_73b70737ee63,79.87524225779096,0.823060134301901,medium,refresh_and_review_ctr,2060,8,2.8,0.19,139,1410.0,down
17,content_81e59177b59a,79.60127672625856,0.7710066153534725,high,refresh_and_review_ctr,9239,20,5.6,0.03,139,4001.0,down
18,content_91fefd1726b3,79.56238362648689,0.8313418817644037,high,refresh_and_review_ctr,2748,22,18.7,0.07,148,1516.0,down
19,content_aa76dcfed6e7,79.5570898961765,0.8342745776059671,high,refresh_and_review_engagement,2765,51,21.1,0.04,165,1341.0,down
20,content_03475a5923fe,79.53903738292274,0.815442960422122,high,refresh_and_review_ctr,2419,27,6.2,0.12,139,1205.0,down
21,content_972b37f0c86d,79.5320990209631,0.7482442884319525,high,refresh_and_review_ctr,27437,33,7.2,0.07,139,4074.0,down
22,content_d9eb4a8986e7,79.41261922237409,0.8301590974558185,high,refresh,3382,30,24.5,0.12,165,1367.0,down
23,content_6e098546a7a2,79.36526118765559,0.7510225428797911,high,refresh_and_review_ctr,10575,12,1.9,0.13,124,2864.0,down
24,content_3e5ea1d9ee75,79.17621728667963,0.8299493116307879,high,refresh_and_review_engagement,2870,34,22.1,0.0,124,1544.0,down
25,content_e9b83bea7976,79.17059809424624,0.745648463807255,high,refresh_and_review_ctr,15616,93,8.8,0.06,165,1316.0,stable
